{"data\\15.pdf": 0.9097999930381775, "data\\61.pdf": 0.9128605127334595, "data\\38.pdf": 0.9393713474273682, "data\\34.pdf": 0.9553465843200684, "data\\32.pdf": 0.9846903085708618, "data\\78.pdf": 0.9860808849334717, "data\\4.pdf": 0.9883915185928345, "data\\16.pdf": 0.9963255524635315, "data\\100.pdf": 0.9975762367248535}