{"data\\pdf_data\\67.pdf": 1.153567910194397, "data\\pdf_data\\88.pdf": 1.1545987129211426, "data\\pdf_data\\49.pdf": 1.1652621030807495, "data\\pdf_data\\52.pdf": 1.1704775094985962, "data\\pdf_data\\44.pdf": 1.1728200912475586, "data\\pdf_data\\22.pdf": 1.1756950616836548, "data\\pdf_data\\50.pdf": 1.1760002374649048, "data\\pdf_data\\11.pdf": 1.1775306463241577, "data\\pdf_data\\35.pdf": 1.178066372871399}